ISCO88,ISCO88-label-E,major,submajor,minor,unit
1000,"'Legislators, senior officials and managers'",1000,1000,1000,1000
1100,'Legislators and senior officials',1000,1100,1100,1100
1110,'Legislators',1000,1100,1110,1110
1120,'Senior government officials',1000,1100,1120,1120
1130,'Traditional chiefs and heads of villages',1000,1100,1130,1130
1140,'Senior officials of special-interest organisations',1000,1100,1140,1140
1141,'Senior officials of political-party organisations',1000,1100,1140,1141
1142,"'Senior officials of employers', workers' and other economic-interest organisations'",1000,1100,1140,1142
1143,'Senior officials of humanitarian and other special-interest organisations',1000,1100,1140,1143
1200,'Corporate managers',1000,1200,1200,1200
1210,'Directors and chief executives',1000,1200,1210,1210
1220,'Production and operations department managers',1000,1200,1220,1220
1221,"'Production and operations department managers in agriculture, hunting, forestry and fishing'",1000,1200,1220,1221
1222,'Production and operations department managers in manufacturing',1000,1200,1220,1222
1223,'Production and operations department managers in construction',1000,1200,1220,1223
1224,'Production and operations department managers in wholesale and retail trade',1000,1200,1220,1224
1225,'Production and operations department managers in restaurants and hotels',1000,1200,1220,1225
1226,"'Production and operations department managers in transport, storage and communications'",1000,1200,1220,1226
1227,'Production and operations department managers in business services',1000,1200,1220,1227
1228,"'Production and operations department managers in personal care, cleaning and related services'",1000,1200,1220,1228
1229,'Production and operations department managers not elsewhere classified',1000,1200,1220,1229
1230,'Other department managers',1000,1200,1230,1230
1231,'Finance and administration department managers',1000,1200,1230,1231
1232,'Personnel and industrial relations department managers',1000,1200,1230,1232
1233,'Sales and marketing department managers',1000,1200,1230,1233
1234,'Advertising and public relations department managers',1000,1200,1230,1234
1235,'Supply and distribution department managers',1000,1200,1230,1235
1236,'Computing services department managers',1000,1200,1230,1236
1237,'Research and development department managers',1000,1200,1230,1237
1239,'Other department managers not elsewhere classified',1000,1200,1230,1239
1300,'General managers',1000,1300,1300,1300
1310,'General managers',1000,1300,1310,1310
1311,"'General managers in agriculture, hunting, forestry/ and fishing'",1000,1300,1310,1311
1312,'General managers in manufacturing',1000,1300,1310,1312
1313,'General managers in construction',1000,1300,1310,1313
1314,'General managers in wholesale and retail trade',1000,1300,1310,1314
1315,'General managers of restaurants and hotels',1000,1300,1310,1315
1316,"'General managers in transport, storage and communications'",1000,1300,1310,1316
1317,'General managers of business services',1000,1300,1310,1317
1318,"'General managers in personal care, cleaning and related services'",1000,1300,1310,1318
1319,'General managers not elsewhere classified',1000,1300,1310,1319
2000,'Professionals',2000,2000,2000,2000
2100,"'Physical, mathematical and engineering science professionals'",2000,2100,2100,2100
2110,"'Physicists, chemists and related professionals'",2000,2100,2110,2110
2111,'Physicists and astronomers',2000,2100,2110,2111
2112,'Meteorologists',2000,2100,2110,2112
2113,'Chemists',2000,2100,2110,2113
2114,'Geologists and geophysicists',2000,2100,2110,2114
2120,"'Mathematicians, statisticians and related professionals'",2000,2100,2120,2120
2121,'Mathematicians and related professionals',2000,2100,2120,2121
2122,'Statisticians',2000,2100,2120,2122
2130,'Computing professionals',2000,2100,2130,2130
2131,'Computer systems designers and analysts',2000,2100,2130,2131
2132,'Computer programmers',2000,2100,2130,2132
2139,'Computing professionals not elsewhere classified',2000,2100,2130,2139
2140,"'Architects, engineers and related professionals'",2000,2100,2140,2140
2141,"'Architects, town and traffic planners'",2000,2100,2140,2141
2142,'Civil engineers',2000,2100,2140,2142
2143,'Electrical engineers',2000,2100,2140,2143
2144,'Electronics and telecommunications engineers',2000,2100,2140,2144
2145,'Mechanical engineers',2000,2100,2140,2145
2146,'Chemical engineers',2000,2100,2140,2146
2147,"'Mining engineers, metallurgists and related professionals'",2000,2100,2140,2147
2148,'Cartographers and surveyors',2000,2100,2140,2148
2149,"'Architects, engineers and related professionals not elsewhere classified'",2000,2100,2140,2149
2200,'Life science and health professionals',2000,2200,2200,2200
2210,'Life science professionals',2000,2200,2210,2210
2211,"'Biologists, botanists, zoologists and related professionals'",2000,2200,2210,2211
2212,"'Pharmacologists, pathologists and related professionals'",2000,2200,2210,2212
2213,'Agronomists and related professionals',2000,2200,2210,2213
2220,'Health professionals (except nursing)',2000,2200,2220,2220
2221,'Medical doctors',2000,2200,2220,2221
2222,'Dentists',2000,2200,2220,2222
2223,'Veterinarians',2000,2200,2220,2223
2224,'Pharmacists',2000,2200,2220,2224
2229,'Health professionals (except nursing) not elsewhere classified',2000,2200,2220,2229
2230,'Nursing and midwifery professionals',2000,2200,2230,2230
2300,'Teaching professionals',2000,2300,2300,2300
2310,"'College, university and higher education teaching professionals'",2000,2300,2310,2310
2320,'Secondary education teaching professionals',2000,2300,2320,2320
2330,'Primary and pre-primary education teaching professionals',2000,2300,2330,2330
2331,'Primary education teaching professionals',2000,2300,2330,2331
2332,'Pre-primary education teaching professionals',2000,2300,2330,2332
2340,'Special education teaching professionals',2000,2300,2340,2340
2350,'Other teaching professionals',2000,2300,2350,2350
2351,'Education methods specialists',2000,2300,2350,2351
2352,'School inspectors',2000,2300,2350,2352
2359,'Other teaching professionals not elsewhere classified',2000,2300,2350,2359
2400,'Other professionals',2000,2400,2400,2400
2410,'Business professionals',2000,2400,2410,2410
2411,'Accountants',2000,2400,2410,2411
2412,'Personnel and careers professionals',2000,2400,2410,2412
2419,'Business professionals not elsewhere classified',2000,2400,2410,2419
2420,'Legal professionals',2000,2400,2420,2420
2421,'Lawyers',2000,2400,2420,2421
2422,'Judges',2000,2400,2420,2422
2429,'Legal professionals not elsewhere classified',2000,2400,2420,2429
2430,"'Archivists, librarians and related information professionals'",2000,2400,2430,2430
2431,'Archivists and curators',2000,2400,2430,2431
2432,'Librarians and related information professionals',2000,2400,2430,2432
2440,'Social science and related professionals',2000,2400,2440,2440
2441,'Economists',2000,2400,2440,2441
2442,"'Sociologists, anthropologists and related professionals'",2000,2400,2440,2442
2443,"'Philosophers, historians and political scientists'",2000,2400,2440,2443
2444,"'Philologists, translators and interpreters'",2000,2400,2440,2444
2445,'Psychologists',2000,2400,2440,2445
2446,'Social work professionals',2000,2400,2440,2446
2450,'Writers and creative or performing artists',2000,2400,2450,2450
2451,"'Authors, journalists and other writers'",2000,2400,2450,2451
2452,"'Sculptors, painters and related artists'",2000,2400,2450,2452
2453,"'Composers, musicians and singers'",2000,2400,2450,2453
2454,'Choreographers and dancers',2000,2400,2450,2454
2455,"'Film, stage and related actors and directors'",2000,2400,2450,2455
2460,'Religious professionals',2000,2400,2460,2460
3000,'Technicians and associate professionals',3000,3000,3000,3000
3100,'Physical and engineering science associate professionals',3000,3100,3100,3100
3110,'Physical and engineering science technicians',3000,3100,3110,3110
3111,'Chemical and physical science technicians',3000,3100,3110,3111
3112,'Civil engineering technicians',3000,3100,3110,3112
3113,'Electrical engineering technicians',3000,3100,3110,3113
3114,'Electronics and telecommunications engineering technicians',3000,3100,3110,3114
3115,'Mechanical engineering technicians',3000,3100,3110,3115
3116,'Chemical engineering technicians',3000,3100,3110,3116
3117,'Mining and metallurgical technicians',3000,3100,3110,3117
3118,'Draughtspersons',3000,3100,3110,3118
3119,'Physical and engineering science technicians not elsewhere classified',3000,3100,3110,3119
3120,'Computer associate professionals',3000,3100,3120,3120
3121,'Computer assistants',3000,3100,3120,3121
3122,'Computer equipment operators',3000,3100,3120,3122
3123,'Industrial robot controllers',3000,3100,3120,3123
3130,'Optical and electronic equipment operators',3000,3100,3130,3130
3131,'Photographers and image and sound recording equipment operators',3000,3100,3130,3131
3132,'Broadcasting and telecommunications equipment operators',3000,3100,3130,3132
3133,'Medical equipment operators',3000,3100,3130,3133
3139,'Optical and electronic equipment operators not elsewhere classified',3000,3100,3130,3139
3140,'Ship and aircraft controllers and technicians',3000,3100,3140,3140
3141,'Ships' engineers',3000,3100,3140,3141
3142,'Ships' deck officers and pilots',3000,3100,3140,3142
3143,'Aircraft pilots and related associate professionals',3000,3100,3140,3143
3144,'Air traffic controllers',3000,3100,3140,3144
3145,'Air traffic safety technicians',3000,3100,3140,3145
3150,'Safety and quality inspectors',3000,3100,3150,3150
3151,'Building and fire inspectors',3000,3100,3150,3151
3152,"'Safety, health and quality inspectors'",3000,3100,3150,3152
3200,'Life science and health associate professionals',3000,3200,3200,3200
3210,'Life science technicians and related associate professionals',3000,3200,3210,3210
3211,'Life science technicians',3000,3200,3210,3211
3212,'Agronomy and forestry technicians',3000,3200,3210,3212
3213,'Farming and forestry advisers',3000,3200,3210,3213
3220,'Modern health associate professionals (except nursing)',3000,3200,3220,3220
3221,'Medical assistants',3000,3200,3220,3221
3222,'Sanitarians',3000,3200,3220,3222
3223,'Dieticians and nutritionists',3000,3200,3220,3223
3224,'Optometrists and opticians',3000,3200,3220,3224
3225,'Dental assistants',3000,3200,3220,3225
3226,'Physiotherapists and related associate professionals',3000,3200,3220,3226
3227,'Veterinary assistants',3000,3200,3220,3227
3228,'Pharmaceutical assistants',3000,3200,3220,3228
3229,'Modern health associate professionals (except nursing) not elsewhere classified',3000,3200,3220,3229
3230,'Nursing and midwifery associate professionals',3000,3200,3230,3230
3231,'Nursing associate professionals',3000,3200,3230,3231
3232,'Midwifery associate professionals',3000,3200,3230,3232
3240,'Traditional medicine practitioners and faith healers',3000,3200,3240,3240
3241,'Traditional medicine practitioners',3000,3200,3240,3241
3242,'Faith healers',3000,3200,3240,3242
3300,'Teaching associate professionals',3000,3300,3300,3300
3310,'Primary education teaching associate professionals',3000,3300,3310,3310
3320,'Pre-primary education teaching associate professionals',3000,3300,3320,3320
3330,'Special education teaching associate professionals',3000,3300,3330,3330
3340,'Other teaching associate professionals',3000,3300,3340,3340
3400,'Other associate professionals',3000,3400,3400,3400
3410,'Finance and sales associate professionals',3000,3400,3410,3410
3411,'Securities and finance dealers and brokers',3000,3400,3410,3411
3412,'Insurance representatives',3000,3400,3410,3412
3413,'Estate agents',3000,3400,3410,3413
3414,'Travel consultants and organisers',3000,3400,3410,3414
3415,'Technical and commercial sales representatives',3000,3400,3410,3415
3416,'Buyers',3000,3400,3410,3416
3417,"'Appraisers, valuers and auctioneers'",3000,3400,3410,3417
3419,'Finance and sales associate professionals not elsewhere classified',3000,3400,3410,3419
3420,'Business services agents and trade brokers',3000,3400,3420,3420
3421,'Trade brokers',3000,3400,3420,3421
3422,'Clearing and forwarding agents',3000,3400,3420,3422
3423,'Employment agents and labour contractors',3000,3400,3420,3423
3429,'Business services agents and trade brokers not elsewhere classified',3000,3400,3420,3429
3430,'Administrative associate professionals',3000,3400,3430,3430
3431,'Administrative secretaries and related associate professionals',3000,3400,3430,3431
3432,'Legal and related business associate professionals',3000,3400,3430,3432
3433,'Bookkeepers',3000,3400,3430,3433
3434,"'Statistical, mathematical and related associate professionals'",3000,3400,3430,3434
3439,'Administrative associate professionals not elsewhere classified',3000,3400,3430,3439
3440,"'Customs, tax and related government associate professionals'",3000,3400,3440,3440
3441,'Customs and border inspectors',3000,3400,3440,3441
3442,'Government tax and excise officials',3000,3400,3440,3442
3443,'Government social benefits officials',3000,3400,3440,3443
3444,'Government licensing officials',3000,3400,3440,3444
3449,"'Customs, tax and related government associate professionals not elsewhere classified'",3000,3400,3440,3449
3450,'Police inspectors and detectives',3000,3400,3450,3450
3460,'Social work associate professionals',3000,3400,3460,3460
3470,"'Artistic, entertainment and sports associate professionals'",3000,3400,3470,3470
3471,'Decorators and commercial designers',3000,3400,3470,3471
3472,"'Radio, television and other announcers'",3000,3400,3470,3472
3473,"'Street, night-club and related musicians, singers and dancers'",3000,3400,3470,3473
3474,"'Clowns, magicians, acrobats and related associate professionals'",3000,3400,3470,3474
3475,"'Athletes, sportspersons and related associate professionals'",3000,3400,3470,3475
3480,'Religious associate professionals',3000,3400,3480,3480
4000,'Clerks',4000,4000,4000,4000
4100,'Office clerks',4000,4100,4100,4100
4110,'Secretaries and keyboard-operating clerks',4000,4100,4110,4110
4111,'Stenographers and typists',4000,4100,4110,4111
4112,'Word-processor and related operators',4000,4100,4110,4112
4113,'Data entry operators',4000,4100,4110,4113
4114,'Calculating-machine operators',4000,4100,4110,4114
4115,'Secretaries',4000,4100,4110,4115
4120,'Numerical clerks',4000,4100,4120,4120
4121,'Accounting and bookkeeping clerks',4000,4100,4120,4121
4122,'Statistical and finance clerks',4000,4100,4120,4122
4130,'Material-recording and transport clerks',4000,4100,4130,4130
4131,'Stock clerks',4000,4100,4130,4131
4132,'Production clerks',4000,4100,4130,4132
4133,'Transport clerks',4000,4100,4130,4133
4140,"'Library, mail and related clerks'",4000,4100,4140,4140
4141,'Library and filing clerks',4000,4100,4140,4141
4142,'Mail carriers and sorting clerks',4000,4100,4140,4142
4143,"'Coding, proof-reading and related clerks'",4000,4100,4140,4143
4144,'Scribes and related workers',4000,4100,4140,4144
4190,'Other office clerks',4000,4100,4190,4190
4200,'Customer services clerks',4000,4200,4200,4200
4210,"'Cashiers, tellers and related clerks'",4000,4200,4210,4210
4211,'Cashiers and ticket clerks',4000,4200,4210,4211
4212,'Tellers and other counter clerks',4000,4200,4210,4212
4213,'Bookmakers and croupiers',4000,4200,4210,4213
4214,'Pawnbrokers and money-lenders',4000,4200,4210,4214
4215,'Debt-collectors and related workers',4000,4200,4210,4215
4220,'Client information clerks',4000,4200,4220,4220
4221,'Travel agency and related clerks',4000,4200,4220,4221
4222,'Receptionists and information clerks',4000,4200,4220,4222
4223,'Telephone switchboard operators',4000,4200,4220,4223
5000,'Service workers and shop and market sales workers',5000,5000,5000,5000
5100,'Personal and protective services workers',5000,5100,5100,5100
5110,'Travel attendants and related workers',5000,5100,5110,5110
5111,'Travel attendants and travel stewards',5000,5100,5110,5111
5112,'Transport conductors',5000,5100,5110,5112
5113,'Travel guides',5000,5100,5110,5113
5120,'Housekeeping and restaurant services workers',5000,5100,5120,5120
5121,'Housekeepers and related workers',5000,5100,5120,5121
5122,'Cooks',5000,5100,5120,5122
5123,"'Waiters, waitresses and bartenders'",5000,5100,5120,5123
5130,'Personal care and related workers',5000,5100,5130,5130
5131,'Child-care workers',5000,5100,5130,5131
5132,'Institution-based personal care workers',5000,5100,5130,5132
5133,'Home-based personal care workers',5000,5100,5130,5133
5139,'Personal care and related workers not elsewhere classified',5000,5100,5130,5139
5140,'Other personal services workers',5000,5100,5140,5140
5141,"'Hairdressers, barbers, beauticians and related workers'",5000,5100,5140,5141
5142,'Companions and valets',5000,5100,5140,5142
5143,'Undertakers and embalmers',5000,5100,5140,5143
5149,'Other personal services workers not elsewhere classified',5000,5100,5140,5149
5150,"'Astrologers, fortune-tellers and related workers'",5000,5100,5150,5150
5151,'Astrologers and related workers',5000,5100,5150,5151
5152,"'Fortune-tellers, palmists and related workers'",5000,5100,5150,5152
5160,'Protective services workers',5000,5100,5160,5160
5161,'Fire-fighters',5000,5100,5160,5161
5162,'Police officers',5000,5100,5160,5162
5163,'Prison guards',5000,5100,5160,5163
5169,'Protective services workers not elsewhere classified',5000,5100,5160,5169
5200,"'Models, salespersons and demonstrators'",5000,5200,5200,5200
5210,'Fashion and other models',5000,5200,5210,5210
5220,'Shop salespersons and demonstrators',5000,5200,5220,5220
5230,'Stall and market salespersons',5000,5200,5230,5230
6000,'Skilled agricultural and fishery workers',6000,6000,6000,6000
6100,'Market-oriented skilled agricultural and fishery workers',6000,6100,6100,6100
6110,'Market gardeners and crop growers',6000,6100,6110,6110
6111,'Field crop and vegetable growers',6000,6100,6110,6111
6112,'Tree and shrub crop growers',6000,6100,6110,6112
6113,"'Gardeners, horticultural and nursery growers'",6000,6100,6110,6113
6114,'Mixed-crop growers',6000,6100,6110,6114
6120,'Market-oriented animal producers and related workers',6000,6100,6120,6120
6121,'Dairy and livestock producers',6000,6100,6120,6121
6122,'Poultry producers',6000,6100,6120,6122
6123,'Apiarists and sericulturists',6000,6100,6120,6123
6124,'Mixed-animal producers',6000,6100,6120,6124
6129,'Market-oriented animal producers and related workers not elsewhere classified',6000,6100,6120,6129
6130,'Market-oriented crop and animal producers',6000,6100,6130,6130
6140,'Forestry and related workers',6000,6100,6140,6140
6141,'Forestry workers and loggers',6000,6100,6140,6141
6142,'Charcoal burners and related workers',6000,6100,6140,6142
6150,"'Fishery workers, hunters and trappers'",6000,6100,6150,6150
6151,'Aquatic-life cultivation workers',6000,6100,6150,6151
6152,'Inland and coastal waters fishery workers',6000,6100,6150,6152
6153,'Deep-sea fishery workers',6000,6100,6150,6153
6154,'Hunters and trappers',6000,6100,6150,6154
6200,'Subsistence agricultural and fishery workers',6000,6200,6200,6200
6210,'Subsistence agricultural and fishery workers',6000,6200,6210,6210
7000,'Craft and related trades workers',7000,7000,7000,7000
7100,'Extraction and building trades workers',7000,7100,7100,7100
7110,"'Miners, shotfirers, stone cutters and carvers'",7000,7100,7110,7110
7111,'Miners and quarry workers',7000,7100,7110,7111
7112,'Shotfirers and blasters',7000,7100,7110,7112
7113,"'Stone splitters, cutters and carvers'",7000,7100,7110,7113
7120,'Building frame and related trades workers',7000,7100,7120,7120
7121,"'Builders, traditional materials'",7000,7100,7120,7121
7122,'Bricklayers and stonemasons',7000,7100,7120,7122
7123,"'Concrete placers, concrete finishers and related workers'",7000,7100,7120,7123
7124,'Carpenters and joiners',7000,7100,7120,7124
7129,'Building frame and related trades workers not elsewhere classified',7000,7100,7120,7129
7130,'Building finishers and related trades workers',7000,7100,7130,7130
7131,'Roofers',7000,7100,7130,7131
7132,'Floor layers and tile setters',7000,7100,7130,7132
7133,'Plasterers',7000,7100,7130,7133
7134,'Insulation workers',7000,7100,7130,7134
7135,'Glaziers',7000,7100,7130,7135
7136,'Plumbers and pipe fitters',7000,7100,7130,7136
7137,'Building and related electricians',7000,7100,7130,7137
7140,"'Painters, building structure cleaners and related trades workers'",7000,7100,7140,7140
7141,'Painters and related workers',7000,7100,7140,7141
7142,'Varnishers and related painters',7000,7100,7140,7142
7143,'Building structure cleaners',7000,7100,7140,7143
7200,"'Metal, machinery and related trades workers'",7000,7200,7200,7200
7210,"'Metal moulders, welders, sheet-metal workers, structural- metal preparers, and related trades workers'",7000,7200,7210,7210
7211,'Metal moulders and coremakers',7000,7200,7210,7211
7212,'Welders and flamecutters',7000,7200,7210,7212
7213,'Sheet metal workers',7000,7200,7210,7213
7214,'Structural-metal preparers and erectors',7000,7200,7210,7214
7215,'Riggers and cable splicers',7000,7200,7210,7215
7216,'Underwater workers',7000,7200,7210,7216
7220,"'Blacksmiths, tool-makers and related trades workers'",7000,7200,7220,7220
7221,"'Blacksmiths, hammer-smiths and forging-press workers'",7000,7200,7220,7221
7222,'Tool-makers and related workers',7000,7200,7220,7222
7223,'Machine-tool setters and setter-operators',7000,7200,7220,7223
7224,"'Metal wheel-grinders, polishers and tool sharpeners'",7000,7200,7220,7224
7230,'Machinery mechanics and fitters',7000,7200,7230,7230
7231,'Motor vehicle mechanics and fitters',7000,7200,7230,7231
7232,'Aircraft engine mechanics and fitters',7000,7200,7230,7232
7233,'Agricultural- or industrial-machinery mechanics and fitters',7000,7200,7230,7233
7240,'Electrical and electronic equipment mechanics and fitters',7000,7200,7240,7240
7241,'Electrical mechanics and fitters',7000,7200,7240,7241
7242,'Electronics fitters',7000,7200,7240,7242
7243,'Electronics mechanics and servicers',7000,7200,7240,7243
7244,'Telegraph and telephone installers and servicers',7000,7200,7240,7244
7245,"'Electrical line installers, repairers and cable jointers'",7000,7200,7240,7245
7300,"'Precision, handicraft, printing and related trades workers'",7000,7300,7300,7300
7310,'Precision workers in metal and related materials',7000,7300,7310,7310
7311,'Precision-instrument makers and repairers',7000,7300,7310,7311
7312,'Musical instrument makers and tuners',7000,7300,7310,7312
7313,'Jewellery and precious-metal workers',7000,7300,7310,7313
7320,"'Potters, glass-makers and related trades workers'",7000,7300,7320,7320
7321,"'Abrasive wheel formers, potters and related workers'",7000,7300,7320,7321
7322,"'Glass makers, cutters, grinders and finishers'",7000,7300,7320,7322
7323,'Glass engravers and etchers',7000,7300,7320,7323
7324,"'Glass, ceramics and related decorative painters'",7000,7300,7320,7324
7330,"'Handicraft workers in wood,textile, leather and related materials'",7000,7300,7330,7330
7331,'Handicraft workers in wood and related materials',7000,7300,7330,7331
7332,"'Handicraft workers in textile, leather and related materials'",7000,7300,7330,7332
7340,'Printing and related trades workers',7000,7300,7340,7340
7341,"'Compositors, typesetters and related workers'",7000,7300,7340,7341
7342,'Stereotypers and electrotypers',7000,7300,7340,7342
7343,'Printing engravers and etchers',7000,7300,7340,7343
7344,'Photographic and related workers',7000,7300,7340,7344
7345,'Bookbinders and related workers',7000,7300,7340,7345
7346,"'Silk-screen, block and textile printers'",7000,7300,7340,7346
7400,'Other craft and related trades workers',7000,7400,7400,7400
7410,'Food processing and related trades workers',7000,7400,7410,7410
7411,"'Butchers, fishmongers and related food preparers'",7000,7400,7410,7411
7412,"'Bakers, pastry-cooks and confectionery makers'",7000,7400,7410,7412
7413,'Dairy-products makers',7000,7400,7410,7413
7414,"'Fruit, vegetable and related preservers'",7000,7400,7410,7414
7415,'Food and beverage tasters and graders',7000,7400,7410,7415
7416,'Tobacco preparers and tobacco products makers',7000,7400,7410,7416
7420,"'Wood treaters, cabinet-makers and related trades workers'",7000,7400,7420,7420
7421,'Wood treaters',7000,7400,7420,7421
7422,'Cabinet makers and related workers',7000,7400,7420,7422
7423,'Woodworking machine setters and setter-operators',7000,7400,7420,7423
7424,"'Basketry weavers, brush makers and related workers'",7000,7400,7420,7424
7430,"'Textile, garment and related trades workers'",7000,7400,7430,7430
7431,'Fibre preparers',7000,7400,7430,7431
7432,"'Weavers, knitters and related workers'",7000,7400,7430,7432
7433,"'Tailors, dressmakers and hatters'",7000,7400,7430,7433
7434,'Furriers and related workers',7000,7400,7430,7434
7435,"'Textile, leather and related pattern-makers and cutters'",7000,7400,7430,7435
7436,"'Sewers, embroiderers and related workers'",7000,7400,7430,7436
7437,'Upholsterers and related workers',7000,7400,7430,7437
7440,"'Pelt, leather and shoemaking trades workers'",7000,7400,7440,7440
7441,"'Pelt dressers, tanners and fellmongers'",7000,7400,7440,7441
7442,'Shoe-makers and related workers',7000,7400,7440,7442
8000,'Plant and machine operators and assemblers',8000,8000,8000,8000
8100,'Stationary-plant and related operators',8000,8100,8100,8100
8110,'Mining- and mineral-processing-plant operators',8000,8100,8110,8110
8111,'Mining-plant operators',8000,8100,8110,8111
8112,'Mineral-ore- and stone-processing-plant operators',8000,8100,8110,8112
8113,'Well drillers and borers and related workers',8000,8100,8110,8113
8120,'Metal-processing-plant operators',8000,8100,8120,8120
8121,'Ore and metal furnace operators',8000,8100,8120,8121
8122,"'Metal melters, casters and rolling-mill operators'",8000,8100,8120,8122
8123,'Metal-heat-treating-plant operators',8000,8100,8120,8123
8124,'Metal drawers and extruders',8000,8100,8120,8124
8130,"'Glass, ceramics and related plant operators'",8000,8100,8130,8130
8131,'Glass and ceramics kiln and related machine operators',8000,8100,8130,8131
8139,"'Glass, ceramics and related plant operators not elsewhere classified'",8000,8100,8130,8139
8140,'Wood-processing- and papermaking-plant operators',8000,8100,8140,8140
8141,'Wood-processing-plant operators',8000,8100,8140,8141
8142,'Paper-pulp plant operators',8000,8100,8140,8142
8143,'Papermaking-plant operators',8000,8100,8140,8143
8150,'Chemical-processing-plant operators',8000,8100,8150,8150
8151,"'Crushing-, grinding- and chemical-mixing-machinery operators'",8000,8100,8150,8151
8152,'Chemical-heat-treating-plant operators',8000,8100,8150,8152
8153,'Chemical-filtering- and separating-equipment operators',8000,8100,8150,8153
8154,'Chemical-still and reactor operators (except petroleum and natural gas)',8000,8100,8150,8154
8155,'Petroleum- and natural-gas-refining-plant operators',8000,8100,8150,8155
8159,'Chemical-processing-plant operators not elsewhere classified',8000,8100,8150,8159
8160,'Power-production and related plant operators',8000,8100,8160,8160
8161,'Power-production plant operators',8000,8100,8160,8161
8162,'Steam-engine and boiler operators',8000,8100,8160,8162
8163,"'Incinerator, water-treatment and related plant operators'",8000,8100,8160,8163
8170,'Automated-assembly-line and industrial-robot operators',8000,8100,8170,8170
8171,'Automated-assembly-line operators',8000,8100,8170,8171
8172,'Industrial-robot operators',8000,8100,8170,8172
8200,'Machine operators and assemblers',8000,8200,8200,8200
8210,'Metal- and mineral-products machine operators',8000,8200,8210,8210
8211,'Machine-tool operators',8000,8200,8210,8211
8212,'Cement and other mineral products machine operators',8000,8200,8210,8212
8220,'Chemical-products machine operators',8000,8200,8220,8220
8221,'Pharmaceutical- and toiletry-products machine operators',8000,8200,8220,8221
8222,'Ammunition- and explosive-products machine operators',8000,8200,8220,8222
8223,"'Metal finishing-, plating- and coating-machine operators'",8000,8200,8220,8223
8224,'Photographic-products machine operators',8000,8200,8220,8224
8229,'Chemical-products machine operators not elsewhere classified',8000,8200,8220,8229
8230,'Rubber- and plastic-products machine operators',8000,8200,8230,8230
8231,'Rubber-products machine operators',8000,8200,8230,8231
8232,'Plastic-products machine operators',8000,8200,8230,8232
8240,'Wood-products machine operators',8000,8200,8240,8240
8250,"'Printing-, binding- and paper-products machine operators'",8000,8200,8250,8250
8251,'Printing-machine operators',8000,8200,8250,8251
8252,'Bookbinding-machine operators',8000,8200,8250,8252
8253,'Paper-products machine operators',8000,8200,8250,8253
8260,"'Textile-, fur- and leather-products machine operators'",8000,8200,8260,8260
8261,"'Fibre-preparing-, spinning- and winding-machine operators'",8000,8200,8260,8261
8262,'Weaving- and knitting-machine operators',8000,8200,8260,8262
8263,'Sewing-machine operators',8000,8200,8260,8263
8264,"'Bleaching-, dyeing- and cleaning-machine operators'",8000,8200,8260,8264
8265,'Fur and leather-preparing-machine operators',8000,8200,8260,8265
8266,'Shoemaking- and related machine operators',8000,8200,8260,8266
8269,"'Textile-, fur- and leather-products machine operators not elsewhere classified'",8000,8200,8260,8269
8270,'Food and related products machine operators',8000,8200,8270,8270
8271,'Meat- and fish-processing-machine operators',8000,8200,8270,8271
8272,'Dairy-products machine operators',8000,8200,8270,8272
8273,'Grain- and spice-milling-machine operators',8000,8200,8270,8273
8274,"'Baked-goods, cereal and chocolate-products machine operators'",8000,8200,8270,8274
8275,"'Fruit-, vegetable- and nut-processing-machine operators'",8000,8200,8270,8275
8276,'Sugar production machine operators',8000,8200,8270,8276
8277,"'Tea-, coffee-, and cocoa-processing-machine operators'",8000,8200,8270,8277
8278,"'Brewers, wine and other beverage machine operators'",8000,8200,8270,8278
8279,'Tobacco production machine operators',8000,8200,8270,8279
8280,'Assemblers',8000,8200,8280,8280
8281,'Mechanical-machinery assemblers',8000,8200,8280,8281
8282,'Electrical-equipment assemblers',8000,8200,8280,8282
8283,'Electronic-equipment assemblers',8000,8200,8280,8283
8284,"'Metal-, rubber- and plastic-products assemblers'",8000,8200,8280,8284
8285,'Wood and related products assemblers',8000,8200,8280,8285
8286,"'Paperboard, textile and related products assemblers'",8000,8200,8280,8286
8290,'Other machine operators and assemblers',8000,8200,8290,8290
8300,'Drivers and mobile-plant operators',8000,8300,8300,8300
8310,'Locomotive-engine drivers and related workers',8000,8300,8310,8310
8311,'Locomotive-engine drivers',8000,8300,8310,8311
8312,"'Railway brakers, signallers and shunters'",8000,8300,8310,8312
8320,'Motor-vehicle drivers',8000,8300,8320,8320
8321,'Motor-cycle drivers',8000,8300,8320,8321
8322,"'Car, taxi and van drivers'",8000,8300,8320,8322
8323,'Bus and tram drivers',8000,8300,8320,8323
8324,'Heavy-truck and lorry drivers',8000,8300,8320,8324
8330,'Agricultural and other mobile-plant operators',8000,8300,8330,8330
8331,'Motorised farm and forestry plant operators',8000,8300,8330,8331
8332,'Earth-moving- and related plant operators',8000,8300,8330,8332
8333,"'Crane, hoist and related plant operators'",8000,8300,8330,8333
8334,'Lifting-truck operators',8000,8300,8330,8334
8340,'Ships' deck crews and related workers',8000,8300,8340,8340
9000,'Elementary occupations',9000,9000,9000,9000
9100,'Sales and services elementary occupations',9000,9100,9100,9100
9110,'Street vendors and related workers',9000,9100,9110,9110
9111,'Street food vendors',9000,9100,9110,9111
9112,"'Street vendors, non-food products'",9000,9100,9110,9112
9113,'Door-to-door and telephone salespersons',9000,9100,9110,9113
9120,'Shoe cleaning and other street services elementary occupations',9000,9100,9120,9120
9130,"'Domestic and related helpers, cleaners and launderers'",9000,9100,9130,9130
9131,'Domestic helpers and cleaners',9000,9100,9130,9131
9132,"'Helpers and cleaners in offices, hotels and other establishments'",9000,9100,9130,9132
9133,'Hand-launderers and pressers',9000,9100,9130,9133
9140,"'Building caretakers, window and related cleaners'",9000,9100,9140,9140
9141,'Building caretakers',9000,9100,9140,9141
9142,"'Vehicle, window and related cleaners'",9000,9100,9140,9142
9150,"'Messengers, porters, doorkeepers and related workers'",9000,9100,9150,9150
9151,"'Messengers, package and luggage porters and deliverers'",9000,9100,9150,9151
9152,"'Doorkeepers, watchpersons and related workers'",9000,9100,9150,9152
9153,"'Vending-machine money collectors, meter readers and related workers'",9000,9100,9150,9153
9160,'Garbage collectors and related labourers',9000,9100,9160,9160
9161,'Garbage collectors',9000,9100,9160,9161
9162,'Sweepers and related labourers',9000,9100,9160,9162
9200,"'Agricultural, fishery and related labourers'",9000,9200,9200,9200
9210,"'Agricultural, fishery and related labourers'",9000,9200,9210,9210
9211,'Farm-hands and labourers',9000,9200,9210,9211
9212,'Forestry labourers',9000,9200,9210,9212
9213,"'Fishery, hunting and trapping labourers'",9000,9200,9210,9213
9300,"'Labourers in mining, construction, manufacturing and transport'",9000,9300,9300,9300
9310,'Mining and construction labourers',9000,9300,9310,9310
9311,'Mining and quarrying labourers',9000,9300,9310,9311
9312,"'Construction and maintenance labourers: roads, dams and similar constructions'",9000,9300,9310,9312
9313,'Building construction labourers',9000,9300,9310,9313
9320,'Manufacturing labourers',9000,9300,9320,9320
9321,'Assembling labourers',9000,9300,9320,9321
9322,'Hand packers and other manufacturing labourers',9000,9300,9320,9322
9330,'Transport labourers and freight handlers',9000,9300,9330,9330
9331,'Hand or pedal vehicle drivers',9000,9300,9330,9331
9332,'Drivers of animal-drawn vehicles and machinery',9000,9300,9330,9332
9333,'Freight handlers',9000,9300,9330,9333
0000,'Armed forces',0000,0000,0000,0000
0100,'Armed forces',0000,0100,0100,0100
0110,'Armed forces',0000,0100,0110,0110
